Color,Code,R,G,B,R1,G1,B1,R2,G2,B2,R3,G3,B3,R4,G4,B4,Bright,Bright%,Special,Manufacturer,XML,Hex
White,H01,236,237,237,237,237,237,237,237,237,237,237,237,234,236,236,710,92.81046,,Hama,<Color name='H01 - white' red='236' green='237' blue='237' type='Hama' owned='0' used='0' enabled='true'/>,ECEDED
Cream,H02,240,232,185,241,232,183,240,234,189,237,231,184,240,231,182,657,85.88,,Hama,<Color name='H02 - Cream' red='240' green='232' blue='185' type='Hama' owned='0' used='0' enabled='true'/>,F0E8B9
Yellow,H03,240,185,1,244,189,0,235,181,0,239,181,1,242,187,1,426,55.69,,Hama,<Color name='H03 - yellow' red='240' green='185' blue='1' type='Hama' owned='0' used='0' enabled='true'/>,F0B901
Orange,H04,230,79,39,219,75,40,237,80,35,237,81,39,225,78,41,348,45.49,,Hama,<Color name='H04 - orange' red='230' green='79' blue='39' type='Hama' owned='0' used='0' enabled='true'/>,E64F27
Red,H05,182,49,54,181,48,53,182,51,55,180,49,55,185,48,51,285,37.25,,Hama,<Color name='H05 - red' red='182' green='49' blue='54' type='Hama' owned='0' used='0' enabled='true'/>,B63136
Pink,H06,225,136,159,234,144,166,224,135,158,223,133,156,217,132,155,520,67.97,,Hama,<Color name='H06 - pink' red='225' green='136' blue='159' type='Hama' owned='0' used='0' enabled='true'/>,E1889F
Purple,H07,105,74,130,103,73,128,104,73,128,102,71,129,111,79,136,309,40.39,,Hama,<Color name='H07 - purple' red='105' green='74' blue='130' type='Hama' owned='0' used='0' enabled='true'/>,694A82
Dark Blue (Blue),H08,44,70,144,39,65,141,37,63,136,57,80,150,44,71,149,258,33.73,,Hama,<Color name='H08 - Dark Blue (Blue)' red='44' green='70' blue='144' type='Hama' owned='0' used='0' enabled='true'/>,2C4690
Light Blue,H09,48,92,176,47,92,178,49,94,182,41,87,172,55,95,173,316,41.31,,Hama,<Color name='H09 - Light Blue' red='48' green='92' blue='176' type='Hama' owned='0' used='0' enabled='true'/>,305CB0
Green,H10,37,104,71,37,107,71,37,103,72,38,103,72,36,102,70,212,27.71,,Hama,<Color name='H10 - Green' red='37' green='104' blue='71' type='Hama' owned='0' used='0' enabled='true'/>,256847
Light green,H11,73,174,137,74,178,140,76,181,142,72,172,136,71,165,131,384,50.2,,Hama,<Color name='H11 - light green' red='73' green='174' blue='137' type='Hama' owned='0' used='0' enabled='true'/>,49AE89
Brown,H12,83,65,55,88,70,60,77,60,53,86,65,55,82,63,53,203,26.54,,Hama,<Color name='H12 - brown' red='83' green='65' blue='55' type='Hama' owned='0' used='0' enabled='true'/>,534137
Transparent Red,H13,192,36,53,187,38,54,194,40,55,198,32,50,189,33,51,281,36.73,Transp,Hama,<Color name='H13 - transparent red' red='192' green='36' blue='53' type='Hama' owned='0' used='0' enabled='true'/>,C02435
Transparent Green,H16,55,184,118,59,191,126,45,185,116,74,188,126,42,173,105,357,46.67,Transp,Hama,<Color name='H16 - transparent green' red='55' green='184' blue='118' type='Hama' owned='0' used='0' enabled='true'/>,37B876
Grey,H17,131,136,138,130,135,137,121,126,128,138,143,145,133,138,140,405,52.94,,Hama,<Color name='H17 - grey' red='131' green='136' blue='138' type='Hama' owned='0' used='0' enabled='true'/>,83888A
Black,H18,46,47,49,45,46,49,48,49,52,46,47,49,44,45,47,142,18.56,,Hama,<Color name='H18 - black' red='46' green='47' blue='49' type='Hama' owned='0' used='0' enabled='true'/>,2E2F31
Clear,H19,216,210,206,220,212,208,215,210,207,213,207,204,217,209,206,632,82.61,Transp,Hama,<Color name='H19 - Clear' red='216' green='210' blue='206' type='Hama' owned='0' used='0' enabled='true'/>,D8D2CE
Reddish Brown,H20,127,51,42,144,53,39,136,58,50,118,48,40,110,45,37,220,28.76,,Hama,<Color name='H20 - Reddish Brown' red='127' green='51' blue='42' type='Hama' owned='0' used='0' enabled='true'/>,7F332A
Light Brown,H21,165,105,63,167,108,66,174,111,61,158,101,64,159,101,62,333,43.53,,Hama,<Color name='H21 - light brown' red='165' green='105' blue='63' type='Hama' owned='0' used='0' enabled='true'/>,A5693F
Dark Red,H22,165,45,54,170,48,57,181,44,57,160,41,51,149,46,52,264,34.51,,Hama,<Color name='H22 - Dark Red' red='165' green='45' blue='54' type='Hama' owned='0' used='0' enabled='true'/>,A52D36
Translucent Purple,H24,104,62,154,109,66,152,112,67,162,97,57,150,97,59,151,320,41.83,Transp,Hama,<Color name='H24 - Translucent purple' red='104' green='62' blue='154' type='Hama' owned='0' used='0' enabled='true'/>,683E9A
Translucent Brown,H25,135,89,61,127,80,56,138,93,62,136,89,61,140,94,65,285,37.25,Transp,Hama,<Color name='H25 - Translucent Brown' red='135' green='89' blue='61' type='Hama' owned='0' used='0' enabled='true'/>,87593D
Flesh,H26,222,155,144,225,155,144,226,156,144,223,156,145,214,151,141,521,68.1,,Hama,<Color name='H26 - Flesh' red='222' green='155' blue='144' type='Hama' owned='0' used='0' enabled='true'/>,DE9B90
Beige,H27,222,180,139,221,179,137,222,177,136,230,186,144,216,176,140,541,70.72,,Hama,<Color name='H27 - Beige' red='222' green='180' blue='139' type='Hama' owned='0' used='0' enabled='true'/>,DEB48B
Army (Dark Green),H28,54,63,56,56,66,60,55,65,57,52,59,52,54,63,55,173,22.61,,Hama,<Color name='H28 - Army (Dark Green)' red='54' green='63' blue='56' type='Hama' owned='0' used='0' enabled='true'/>,363F38
Claret,H29,185,57,94,184,60,95,184,54,92,187,60,96,185,53,91,336,43.92,,Hama,<Color name='H29 - Claret' red='185' green='57' blue='94' type='Hama' owned='0' used='0' enabled='true'/>,B9395E
Burgundy,H30,89,47,56,88,46,54,93,48,57,93,49,57,83,46,54,192,25.1,,Hama,<Color name='H30 - burgundy' red='89' green='47' blue='56' type='Hama' owned='0' used='0' enabled='true'/>,592F38
Turquoise,H31,103,151,174,104,152,174,102,150,173,105,153,176,102,148,171,428,55.95,,Hama,<Color name='H31 - Turquoise' red='103' green='151' blue='174' type='Hama' owned='0' used='0' enabled='true'/>,6797AE
Neon Pink (Fucsia),H32,255,32,141,254,47,159,255,26,134,255,32,135,255,24,136,428,55.95,,Hama,<Color name='H32 - Neon Pink (Fucsia)' red='255' green='32' blue='141' type='Hama' owned='0' used='0' enabled='true'/>,FF208D
Cerise,H33,255,57,86,255,53,85,255,59,86,255,63,88,255,54,86,398,52.03,,Hama,<Color name='H33 - Cerise' red='255' green='57' blue='86' type='Hama' owned='0' used='0' enabled='true'/>,FF3956
Neon Yellow,H34,229,239,19,218,234,14,235,242,32,230,240,17,231,239,11,487,63.66,Transp,Hama,<Color name='H34 - Neon Yellow' red='229' green='239' blue='19' type='Hama' owned='0' used='0' enabled='true'/>,E5EF13
Neon Red,H35,255,40,51,255,42,52,255,30,46,255,41,48,255,47,59,346,45.23,Transp,Hama,<Color name='H35 - Neon Red' red='255' green='40' blue='51' type='Hama' owned='0' used='0' enabled='true'/>,FF2833
Neon Blue,H36,35,83,176,27,82,176,51,99,189,30,69,165,32,81,172,294,38.43,Transp,Hama,<Color name='H36 - Neon Blue' red='35' green='83' blue='176' type='Hama' owned='0' used='0' enabled='true'/>,2353B0
Neon Green,H37,6,183,60,14,177,67,5,190,48,1,189,59,2,176,64,249,32.55,Transp,Hama,<Color name='H37 - Neon Green' red='6' green='183' blue='60' type='Hama' owned='0' used='0' enabled='true'/>,06B73C
Neon Orange,H38,253,134,0,252,137,0,253,132,0,253,132,0,252,135,0,387,50.59,Transp,Hama,<Color name='H38 - Neon Orange' red='253' green='134' blue='0' type='Hama' owned='0' used='0' enabled='true'/>,FD8600
Fluorescent Yellow,H39,241,242,28,241,242,25,241,242,33,241,242,40,241,242,12,511,66.8,,Hama,<Color name='H39 - Fluorescent Yellow' red='241' green='242' blue='28' type='Hama' owned='0' used='0' enabled='true'/>,F1F21C
Fluorescent Orange,H40,254,99,11,254,100,13,254,96,12,254,102,8,254,98,10,364,47.58,,Hama,<Color name='H40 - Fluorescent Orange' red='254' green='99' blue='11' type='Hama' owned='0' used='0' enabled='true'/>,FE630B
Fluorescent Blue,H41,38,89,178,37,89,180,51,91,175,33,89,180,31,87,178,305,39.87,,Hama,<Color name='H41 - Fluorescent Blue' red='38' green='89' blue='178' type='Hama' owned='0' used='0' enabled='true'/>,2659B2
Fluorescent Green,H42,12,189,81,12,187,81,9,184,82,7,190,81,18,195,79,282,36.86,,Hama,<Color name='H42 - Fluorescent Green' red='12' green='189' blue='81' type='Hama' owned='0' used='0' enabled='true'/>,0CBD51
Pastel Yellow,H43,240,234,55,242,230,55,235,229,55,242,235,53,241,241,56,529,69.15,,Hama,<Color name='H43 - pastel yellow' red='240' green='234' blue='55' type='Hama' owned='0' used='0' enabled='true'/>,F0EA37
Pastel Red,H44,238,105,114,238,102,110,229,103,111,241,108,119,245,105,116,457,59.74,,Hama,<Color name='H44 - Pastel Red' red='238' green='105' blue='114' type='Hama' owned='0' used='0' enabled='true'/>,EE6972
Pastel Purple,H45,136,109,185,138,110,188,124,97,169,135,108,185,146,119,196,430,56.21,,Hama,<Color name='H45 - Pastel Purple' red='136' green='109' blue='185' type='Hama' owned='0' used='0' enabled='true'/>,886DB9
Pastel Blue,H46,98,158,215,101,160,217,101,161,220,91,151,207,99,159,217,471,61.57,,Hama,<Color name='H46 - pastel blue' red='98' green='158' blue='215' type='Hama' owned='0' used='0' enabled='true'/>,629ED7
Pastel Green,H47,131,203,112,132,202,111,133,204,112,128,202,111,132,204,112,446,58.3,,Hama,<Color name='H47 - pastel green' red='131' green='203' blue='112' type='Hama' owned='0' used='0' enabled='true'/>,83CB70
Pastel Pink,H48,207,112,183,196,101,169,210,118,190,205,107,178,218,121,194,502,65.62,,Hama,<Color name='H48 - Pastel Pink' red='207' green='112' blue='183' type='Hama' owned='0' used='0' enabled='true'/>,CF70B7
Azure,H49,73,152,188,76,155,190,67,149,186,68,147,184,80,158,191,413,53.99,,Hama,<Color name='H49 - Azure' red='73' green='152' blue='188' type='Hama' owned='0' used='0' enabled='true'/>,4998BC
Black,N01,58,61,65,58,61,66,62,64,68,58,60,64,54,57,62,184,24.05,,Nabbi,<Color name='N01 - Black' red='58' green='61' blue='65' type='Nabbi' owned='0' used='0' enabled='true'/>,3A3D41
Dark Brown,N02,80,68,59,84,71,61,78,66,57,78,66,58,80,68,60,207,27.06,,Nabbi,<Color name='N02 - Dark Brown' red='80' green='68' blue='59' type='Nabbi' owned='0' used='0' enabled='true'/>,50443B
Brown Medium,N03,90,62,54,90,61,54,88,61,53,86,59,52,95,66,58,206,26.93,,Nabbi,<Color name='N03 - Brown Medium' red='90' green='62' blue='54' type='Nabbi' owned='0' used='0' enabled='true'/>,5A3E36
Maroon (Wine Red),N04,129,53,71,138,59,76,124,49,68,128,53,71,125,52,69,253,33.07,,Nabbi,<Color name='N04 - Maroon (Wine Red)' red='129' green='53' blue='71' type='Nabbi' owned='0' used='0' enabled='true'/>,813547
Caramel,N05,167,98,36,166,93,30,160,97,36,174,102,41,168,99,37,301,39.35,,Nabbi,<Color name='N05 - Caramel' red='167' green='98' blue='36' type='Nabbi' owned='0' used='0' enabled='true'/>,A76224
Tan (Beige),N06,173,150,126,171,149,125,169,146,122,168,146,123,185,158,133,449,58.69,,Nabbi,<Color name='N06 - Tan (Beige)' red='173' green='150' blue='126' type='Nabbi' owned='0' used='0' enabled='true'/>,AD967E
Sand (Skin),N07,238,177,130,277,177,132,224,177,128,220,173,126,230,180,132,545,71.24,,Nabbi,<Color name='N07 - Sand (Skin)' red='238' green='177' blue='130' type='Nabbi' owned='0' used='0' enabled='true'/>,EEB182
Ash (Ash Grey,N08,141,139,127,142,139,128,141,139,127,143,141,130,137,135,124,407,53.2,,Nabbi,<Color name='N08 - Ash (Ash Grey' red='141' green='139' blue='127' type='Nabbi' owned='0' used='0' enabled='true'/>,8D8B7F
Hunter Green,N09,47,74,57,51,78,62,49,79,60,42,68,52,44,69,55,178,23.27,,Nabbi,<Color name='N09 - Hunter Green' red='47' green='74' blue='57' type='Nabbi' owned='0' used='0' enabled='true'/>,2F4A39
Light Grey,N10,211,203,203,206,200,199,211,203,204,209,202,202,216,207,207,617,80.65,,Nabbi,<Color name='N10 - Light Grey' red='211' green='203' blue='203' type='Nabbi' owned='0' used='0' enabled='true'/>,D3CBCB
Purple,N11,100,69,145,96,63,140,100,67,147,103,74,149,100,72,145,314,41.05,,Nabbi,<Color name='N11 - Purple' red='100' green='69' blue='145' type='Nabbi' owned='0' used='0' enabled='true'/>,644591
Ivory,N12,226,208,191,223,208,190,240,215,196,223,207,191,218,203,186,625,81.7,,Nabbi,<Color name='N12 - Ivory' red='226' green='208' blue='191' type='Nabbi' owned='0' used='0' enabled='true'/>,E2D0BF
Orange (Clear Orange),N13,243,96,27,250,98,24,246,93,25,244,99,31,233,95,27,366,47.84,,Nabbi,<Color name='N13 - Orange (Clear Orange)' red='243' green='96' blue='27' type='Nabbi' owned='0' used='0' enabled='true'/>,F3601B
Yellow,N14,249,202,0,253,204,0,240,197,0,252,202,0,250,205,0,451,58.95,,Nabbi,<Color name='N14 - Yellow' red='249' green='202' blue='0' type='Nabbi' owned='0' used='0' enabled='true'/>,F9CA00
White,N15,244,244,243,245,245,245,241,242,239,245,245,244,245,245,245,731,95.56,,Nabbi,<Color name='N15 - White' red='244' green='244' blue='243' type='Nabbi' owned='0' used='0' enabled='true'/>,F4F4F3
Green,N16,41,122,59,42,119,59,43,121,61,44,123,59,35,123,55,222,29.02,,Nabbi,<Color name='N16 - Green' red='41' green='122' blue='59' type='Nabbi' owned='0' used='0' enabled='true'/>,297A3B
Bright Blue (Blue),N17,59,117,203,63,118,204,60,119,206,59,117,202,53,113,200,379,49.54,,Nabbi,<Color name='N17 - Bright Blue (Blue)' red='59' green='117' blue='203' type='Nabbi' owned='0' used='0' enabled='true'/>,3B75CB
Light Rose (Light Pink),N18,225,180,171,232,186,175,225,180,172,220,176,167,224,179,171,576,75.29,,Nabbi,<Color name='N18 - Light Rose (Light Pink)' red='225' green='180' blue='171' type='Nabbi' owned='0' used='0' enabled='true'/>,E1B4AB
Red (Light Red),N19,223,38,56,226,35,55,216,37,55,221,34,54,229,47,61,317,41.44,,Nabbi,<Color name='N19 - Red (Light Red)' red='223' green='38' blue='56' type='Nabbi' owned='0' used='0' enabled='true'/>,DF2638
Light Brown,N20,181,139,105,182,140,107,180,138,104,182,139,105,179,137,104,425,55.56,,Nabbi,<Color name='N20 - Light Brown' red='181' green='139' blue='105' type='Nabbi' owned='0' used='0' enabled='true'/>,B58B69
Lt Yellow,N21,245,236,141,249,238,140,249,239,135,239,232,144,243,235,143,622,81.31,,Nabbi,<Color name='N21 - Lt Yellow' red='245' green='236' blue='141' type='Nabbi' owned='0' used='0' enabled='true'/>,F5EC8D
Lime (pearl Green),N22,72,175,79,79,179,77,76,174,92,66,174,73,67,174,72,326,42.61,,Nabbi,<Color name='N22 - Lime (pearl Green)' red='72' green='175' blue='79' type='Nabbi' owned='0' used='0' enabled='true'/>,48AF4F
Med Blue (pastel blue),N23,113,163,230,109,161,229,113,164,229,115,161,228,113,165,232,506,66.14,,Nabbi,<Color name='N23 - Med Blue (pastel blue)' red='113' green='163' blue='230' type='Nabbi' owned='0' used='0' enabled='true'/>,71A3E6
Lavender,N24,182,160,219,182,160,219,179,157,216,192,169,230,175,154,212,561,73.33,,Nabbi,<Color name='N24 - Lavender' red='182' green='160' blue='219' type='Nabbi' owned='0' used='0' enabled='true'/>,B6A0DB
Pink (old rose),N25,238,106,151,240,106,151,236,107,152,237,106,150,239,105,152,495,64.71,,Nabbi,<Color name='N25 - Pink (old rose)' red='238' green='106' blue='151' type='Nabbi' owned='0' used='0' enabled='true'/>,EE6A97
Peach (Light orange),N26,252,168,121,255,169,121,254,168,121,245,162,116,255,171,124,541,70.72,,Nabbi,<Color name='N26 - Peach (Light orange)' red='252' green='168' blue='121' type='Nabbi' owned='0' used='0' enabled='true'/>,FCA879
Chocolate,N27,135,95,82,132,91,78,134,93,80,133,92,80,141,102,91,312,40.78,,Nabbi,<Color name='N27 - Chocolate' red='135' green='95' blue='82' type='Nabbi' owned='0' used='0' enabled='true'/>,875F52
Sky (light blue),N28,167,198,241,166,197,239,166,197,239,166,197,240,169,200,244,606,79.22,,Nabbi,<Color name='N28 - Sky (light blue)' red='167' green='198' blue='241' type='Nabbi' owned='0' used='0' enabled='true'/>,A7C6F1
Gold/Orange (Pearl Orange),N29,238,149,39,239,151,58,234,144,36,251,165,42,226,136,20,426,55.69,,Nabbi,<Color name='N29 - Gold/Orange (Pearl Orange)' red='238' green='149' blue='39' type='Nabbi' owned='0' used='0' enabled='true'/>,EE9527
Kiwi (Olive),N30,199,191,94,200,191,95,200,193,101,199,191,91,197,190,90,484,63.27,,Nabbi,<Color name='N30 - Kiwi (Olive)' red='199' green='191' blue='94' type='Nabbi' owned='0' used='0' enabled='true'/>,C7BF5E
White,P01,241,241,241,240,240,240,241,241,241,240,240,241,241,241,241,723,94.51,,Perler,<Color name='P01 - White' red='241' green='241' blue='241' type='Perler' owned='0' used='0' enabled='true'/>,F1F1F1
Cream,P02,224,222,169,224,222,168,224,223,168,222,221,169,224,223,169,615,80.39,,Perler,<Color name='P02 - Cream' red='224' green='222' blue='169' type='Perler' owned='0' used='0' enabled='true'/>,E0DEA9
Yellow,P03,236,216,0,238,217,0,233,212,0,236,217,0,238,218,0,452,59.08,,Perler,<Color name='P03 - Yellow' red='236' green='216' blue='0' type='Perler' owned='0' used='0' enabled='true'/>,ECD800
Orange,P04,237,97,32,239,97,27,238,99,39,238,96,28,234,97,33,366,47.84,,Perler,<Color name='P04 - Orange' red='237' green='97' blue='32' type='Perler' owned='0' used='0' enabled='true'/>,ED6120
Red,P05,191,46,64,190,37,57,191,41,62,192,51,67,190,53,68,301,39.35,,Perler,<Color name='P05 - Red' red='191' green='46' blue='64' type='Perler' owned='0' used='0' enabled='true'/>,BF2E40
Bubblegum,P06,221,102,155,219,101,154,224,102,155,225,105,158,217,100,153,478,62.48,,Perler,<Color name='P06 - Bubblegum' red='221' green='102' blue='155' type='Perler' owned='0' used='0' enabled='true'/>,DD669B
Purple,P07,96,64,137,93,60,134,93,59,135,97,66,138,99,70,140,297,38.82,,Perler,<Color name='P07 - Purple' red='96' green='64' blue='137' type='Perler' owned='0' used='0' enabled='true'/>,604089
Dark Blue,P08,43,63,135,36,58,132,41,61,131,47,64,134,48,69,143,241,31.5,,Perler,<Color name='P08 - Dark Blue' red='43' green='63' blue='135' type='Perler' owned='0' used='0' enabled='true'/>,2B3F87
Light Blue,P09,51,112,192,51,112,191,50,111,191,52,113,193,50,111,191,355,46.41,,Perler,<Color name='P69 - Light Blue' red='51' green='112' blue='192' type='Perler' owned='0' used='0' enabled='true'/>,3370C0
Dark Green,P10,28,117,62,24,120,59,29,116,61,34,117,66,25,115,60,207,27.06,,Perler,<Color name='P10 - Dark Green' red='28' green='117' blue='62' type='Perler' owned='0' used='0' enabled='true'/>,1C753E
Pearl Coral,P100,249,126,121,244,100,90,250,153,154,249,146,143,251,104,97,496,64.84,Pearl,Perler,<Color name='P100 - Pearl Coral' red='249' green='126' blue='121' type='Perler' owned='0' used='0' enabled='true'/>,F97E79
Pearl Light Blue,P101,122,174,162,107,159,150,127,177,166,106,163,152,147,195,180,458,59.87,Pearl,Perler,<Color name='P101 - Pearl Light Blue' red='122' green='174' blue='162' type='Perler' owned='0' used='0' enabled='true'/>,7AAEA2
Pearl Green,p102,132,183,145,115,170,127,146,192,154,141,191,157,127,180,142,460,60.13,Pearl,Perler,<Color name='p102 - Pearl Green' red='132' green='183' blue='145' type='Perler' owned='0' used='0' enabled='true'/>,84B791
Pearl Yellow,P103,202,192,51,209,200,72,197,188,38,207,197,56,193,184,37,445,58.17,Pearl,Perler,<Color name='P103 - Pearl Yellow' red='202' green='192' blue='51' type='Perler' owned='0' used='0' enabled='true'/>,CAC033
Pearl Light Pink,P104,215,168,162,212,164,159,197,142,136,227,180,172,223,184,180,545,71.24,Pearl,Perler,<Color name='P104 - Pearl Light Pink' red='215' green='168' blue='162' type='Perler' owned='0' used='0' enabled='true'/>,D7A8A2
Silver,P105,119,123,129,113,119,125,123,127,133,114,117,122,126,129,135,371,48.5,Metal,Perler,<Color name='P105 - Silver' red='119' green='123' blue='129' type='Perler' owned='0' used='0' enabled='true'/>,777B81
Light Green,P11,86,186,159,83,183,156,83,183,156,88,188,161,89,191,163,431,56.34,,Perler,<Color name='P11 - Light Green' red='86' green='186' blue='159' type='Perler' owned='0' used='0' enabled='true'/>,56BA9F
Brown,P12,81,57,49,82,57,49,81,57,49,80,56,48,79,56,48,187,24.44,,Perler,<Color name='P12 - Brown' red='81' green='57' blue='49' type='Perler' owned='0' used='0' enabled='true'/>,513931
Grey,P17,138,141,145,136,139,143,136,138,143,140,142,147,140,143,148,424,55.42,,Perler,<Color name='P17 - Grey' red='138' green='141' blue='145' type='Perler' owned='0' used='0' enabled='true'/>,8A8D91
Black,P18,46,47,50,43,44,47,44,46,49,49,49,52,47,48,52,143,18.69,,Perler,<Color name='P18 - Black' red='46' green='47' blue='50' type='Perler' owned='0' used='0' enabled='true'/>,2E2F32
Rust,P20,140,55,44,134,52,39,139,53,41,140,57,47,146,58,48,239,31.24,,Perler,<Color name='P20 - Rust' red='140' green='55' blue='44' type='Perler' owned='0' used='0' enabled='true'/>,8C372C
Light Brown,P21,129,93,52,129,93,49,126,89,48,130,95,57,129,93,52,274,35.82,,Perler,<Color name='P21 - Light Brown' red='129' green='93' blue='52' type='Perler' owned='0' used='0' enabled='true'/>,815D34
Peach,P33,238,186,178,235,185,177,236,186,177,239,183,176,241,188,180,602,78.69,,Perler,<Color name='P80 - Peach' red='238' green='186' blue='178' type='Perler' owned='0' used='0' enabled='true'/>,EEBAB2
Tan,P35,188,147,113,185,145,111,186,146,113,191,150,115,188,148,113,448,58.56,,Perler,<Color name='P35 - Tan' red='188' green='147' blue='113' type='Perler' owned='0' used='0' enabled='true'/>,BC9371
Magenta,P38,242,42,123,245,47,126,245,28,117,242,37,120,234,54,129,407,53.2,,Perler,<Color name='P38 - Magenta' red='242' green='42' blue='123' type='Perler' owned='0' used='0' enabled='true'/>,F22A7B
Neon Yellow,P47,220,224,2,219,223,0,219,225,6,222,226,0,219,222,0,446,58.3,Transp,Perler,<Color name='P47 - Neon Yellow' red='220' green='224' blue='2' type='Perler' owned='0' used='0' enabled='true'/>,DCE002
Neon Orange,P48,255,119,0,255,120,0,255,118,0,255,119,0,255,118,1,374,48.89,Transp,Perler,<Color name='P48 - Neon Orange' red='255' green='119' blue='0' type='Perler' owned='0' used='0' enabled='true'/>,FF7700
Neon Green,P49,1,158,67,3,171,75,0,154,64,0,152,64,0,155,64,226,29.54,Transp,Perler,<Color name='P49 - Neon Green' red='1' green='158' blue='67' type='Perler' owned='0' used='0' enabled='true'/>,019E43
Neon Pink,P50,255,57,145,255,56,142,255,59,145,255,55,145,255,56,146,457,59.74,Transp,Perler,<Color name='P50 - Neon Pink' red='255' green='57' blue='145' type='Perler' owned='0' used='0' enabled='true'/>,FF3991
Pastel Blue,P52,83,144,209,82,141,205,83,145,211,84,146,212,84,143,207,436,56.99,,Perler,<Color name='P52 - Pastel Blue' red='83' green='144' blue='209' type='Perler' owned='0' used='0' enabled='true'/>,5390D1
Pastel Green,P53,118,200,130,114,195,127,118,200,129,120,204,132,121,202,132,448,58.56,,Perler,<Color name='P53 - Pastel Green' red='118' green='200' blue='130' type='Perler' owned='0' used='0' enabled='true'/>,76C882
Pastel Lavender,P54,138,114,193,135,109,187,137,113,193,137,113,191,144,119,199,445,58.17,,Perler,<Color name='P54 - Pastel Lavender' red='138' green='114' blue='193' type='Perler' owned='0' used='0' enabled='true'/>,8A72C1
Pastel Yellow,P56,254,248,117,254,248,115,254,248,118,254,247,117,255,247,117,619,80.92,,Perler,<Color name='P56 - Pastel Yellow' red='254' green='248' blue='117' type='Perler' owned='0' used='0' enabled='true'/>,FEF875
Chedder,P57,241,170,12,239,169,11,239,169,20,241,170,13,245,172,2,423,55.29,,Perler,<Color name='P57 - Chedder' red='241' green='170' blue='12' type='Perler' owned='0' used='0' enabled='true'/>,F1AA0C
Toothpaste,P58,147,200,212,146,198,210,146,198,210,148,201,213,148,201,213,559,73.07,,Perler,<Color name='P58 - Toothpaste' red='147' green='200' blue='212' type='Perler' owned='0' used='0' enabled='true'/>,93C8D4
Hot Coral,P59,255,56,81,255,52,79,255,60,85,255,53,79,254,59,82,392,51.24,,Perler,<Color name='P59 - Hot Coral' red='255' green='56' blue='81' type='Perler' owned='0' used='0' enabled='true'/>,FF3851
Plum,P60,162,75,156,161,74,154,164,75,157,160,74,153,163,77,158,393,51.37,,Perler,<Color name='P60 - Plum' red='162' green='75' blue='156' type='Perler' owned='0' used='0' enabled='true'/>,A24B9C
Kiwi Lime,P61,108,190,19,111,192,26,106,187,12,107,189,14,108,190,23,317,41.44,,Perler,<Color name='P61 - Kiwi Lime' red='108' green='190' blue='19' type='Perler' owned='0' used='0' enabled='true'/>,6CBE13
Cyan (aka Turquoise),P62,43,137,198,42,135,196,48,140,199,41,136,197,42,138,200,378,49.41,,Perler,<Color name='P62 - Cyan' red='43' green='137' blue='198' type='Perler' owned='0' used='0' enabled='true'/>,2B89C6
Blush,P63,255,130,133,255,134,136,255,130,133,255,127,129,255,128,133,518,67.71,,Perler,<Color name='P63 - Blush' red='255' green='130' blue='133' type='Perler' owned='0' used='0' enabled='true'/>,FF8285
Periwinkle Blue,P70,100,124,190,104,127,194,101,124,190,97,120,186,99,124,190,414,54.12,,Perler,<Color name='P70 - Periwinkle Blue' red='100' green='124' blue='190' type='Perler' owned='0' used='0' enabled='true'/>,647CBE
Glow Green,P75,190,198,150,188,196,148,183,193,146,195,204,152,192,200,153,538,70.33,Glow,Perler,<Color name='P75 - Glow Green' red='190' green='198' blue='150' type='Perler' owned='0' used='0' enabled='true'/>,BEC696
Light Pink,P79,246,179,221,248,176,219,247,179,222,242,179,222,247,180,221,646,84.44,,Perler,<Color name='P79 - Light Pink' red='246' green='179' blue='221' type='Perler' owned='0' used='0' enabled='true'/>,F6B3DD
Bright Green,P80,79,173,66,73,168,60,81,175,70,84,176,72,76,172,63,318,41.57,,Perler,<Color name='P80 - Bright Green' red='79' green='173' blue='66' type='Perler' owned='0' used='0' enabled='true'/>,4FAD42
Light Gray,P81,177,181,178,178,182,178,171,176,174,175,181,178,183,186,182,536,70.07,,Perler,<Color name='P81 - Light Gray' red='177' green='181' blue='178' type='Perler' owned='0' used='0' enabled='true'/>,B1B5B2
Evergreen,P179,53,83,67,54,84,68,55,86,69,51,80,66,51,82,66,203,26.54,,Perler,<Color name='P179 - Evergreen' red='53' green='83' blue='67' type='Perler' owned='0' used='0' enabled='true'/>,355343
Lavender,P82,173,152,212,175,153,213,174,154,213,167,148,206,175,152,216,537,70.2,,Perler,<Color name='P82 - Lavender' red='173' green='152' blue='212' type='Perler' owned='0' used='0' enabled='true'/>,AD98D4
Pink,P83,228,72,146,229,71,145,228,70,145,227,69,145,226,77,149,446,58.3,,Perler,<Color name='P83 - Pink' red='228' green='72' blue='146' type='Perler' owned='0' used='0' enabled='true'/>,E44892
Gold,P85,187,118,52,182,112,54,187,121,53,186,117,48,191,122,52,357,46.67,Metal,Perler,<Color name='P85 - Gold' red='187' green='118' blue='52' type='Perler' owned='0' used='0' enabled='true'/>,BB7634
Raspberry,P88,165,48,97,162,47,95,164,48,97,164,46,96,169,50,99,310,40.52,,Perler,<Color name='P88 - Raspberry' red='165' green='48' blue='97' type='Perler' owned='0' used='0' enabled='true'/>,A53061
Butterscotch,P90,212,132,55,212,132,54,210,134,60,212,133,54,213,128,50,399,52.16,,Perler,<Color name='P90 - Butterscotch' red='212' green='132' blue='55' type='Perler' owned='0' used='0' enabled='true'/>,D48437
Parrot Green,P91,6,124,129,6,122,127,5,124,129,5,124,129,7,125,131,259,33.86,,Perler,<Color name='P91 - Parrot Green' red='6' green='124' blue='129' type='Perler' owned='0' used='0' enabled='true'/>,067C81
Dark Grey,P92,77,81,86,77,80,85,74,78,82,80,83,88,78,81,87,244,31.9,,Perler,<Color name='P92 - Dark Grey' red='77' green='81' blue='86' type='Perler' owned='0' used='0' enabled='true'/>,4D5156
Blueberry Cream,P93,130,151,217,129,150,218,125,147,216,134,154,212,133,153,223,498,65.1,,Perler,<Color name='P93 - Blueberry Cream' red='130' green='151' blue='217' type='Perler' owned='0' used='0' enabled='true'/>,8297D9
Cranapple,P96,128,50,69,126,49,68,127,46,67,130,54,72,130,50,68,247,32.29,,Perler,<Color name='P96 - Cranapple' red='128' green='50' blue='69' type='Perler' owned='0' used='0' enabled='true'/>,803245
Prickly Pear,P97,189,218,1,189,219,3,183,214,0,194,222,2,190,218,0,408,53.33,,Perler,<Color name='P97 - Prickly Pear' red='189' green='218' blue='1' type='Perler' owned='0' used='0' enabled='true'/>,BDDA01
Sand,P98,228,182,144,231,184,145,228,181,142,229,184,146,225,180,141,554,72.42,,Perler,<Color name='P98 - Sand' red='228' green='182' blue='144' type='Perler' owned='0' used='0' enabled='true'/>,E4B690
White,S01/R01,233,231,230,236,233,232,233,232,230,231,230,228,232,229,229,694,90.72,,Artkal,<Color name='S01/R01 - White' red='233' green='231' blue='230' type='Artkal' owned='0' used='0' enabled='false'/>,E9E7E6
Burning Sand,S02/R02,254,144,143,254,149,146,254,145,143,255,142,142,252,140,139,541,70.72,,Artkal,<Color name='S02/R02 - Burning Sand' red='254' green='144' blue='143' type='Artkal' owned='0' used='0' enabled='false'/>,FE908F
Tangerine,S03/R03,254,164,2,254,166,5,254,162,1,254,159,0,254,167,0,420,54.9,,Artkal,<Color name='S03/R03 - Tangerine' red='254' green='164' blue='2' type='Artkal' owned='0' used='0' enabled='false'/>,FEA402
Orange,S04/R04,253,97,73,254,99,76,254,97,74,250,92,64,255,99,76,423,55.29,,Artkal,<Color name='S04/R04 - Orange' red='253' green='97' blue='73' type='Artkal' owned='0' used='0' enabled='false'/>,FD6149
Tall Poppy,S05/R05,221,52,68,218,48,65,220,52,69,223,53,69,224,53,69,341,44.58,,Artkal,<Color name='S05/R05 - Tall Poppy' red='221' green='52' blue='68' type='Artkal' owned='0' used='0' enabled='false'/>,DD3444
Raspberry pink,S06/R06,235,102,190,236,104,190,235,100,189,234,101,190,234,104,190,527,68.89,,Artkal,<Color name='S06/R06 - Raspberry pink' red='235' green='102' blue='190' type='Artkal' owned='0' used='0' enabled='false'/>,EB66BE
Gray 2,S07/R07,142,143,147,144,145,149,138,139,144,139,140,145,146,147,150,432,56.47,,Artkal,<Color name='S07/R07 - Gray 2' red='142' green='143' blue='147' type='Artkal' owned='0' used='0' enabled='false'/>,8E8F93
Emerald,S08/R08,82,204,106,86,206,108,82,204,106,79,202,105,80,204,106,392,51.24,,Artkal,<Color name='S08/R08 - Emerald' red='82' green='204' blue='106' type='Artkal' owned='0' used='0' enabled='false'/>,52CC6A
Dark Green,S09/R09,42,93,98,37,90,94,39,92,98,48,98,103,42,92,96,233,30.46,,Artkal,<Color name='S09/R09 - Dark Green' red='42' green='93' blue='98' type='Artkal' owned='0' used='0' enabled='false'/>,2A5D62
Baby Blue,S10/R10,97,168,223,96,169,226,99,170,225,98,168,221,94,166,221,488,63.79,,Artkal,<Color name='S10/R10 - Baby Blue' red='97' green='168' blue='223' type='Artkal' owned='0' used='0' enabled='false'/>,61A8DF
Dark Blue,S11/R11,40,68,146,43,69,146,36,68,151,46,71,146,36,63,140,254,33.2,,Artkal,<Color name='S11/R11 - Dark Blue' red='40' green='68' blue='146' type='Artkal' owned='0' used='0' enabled='false'/>,284492
Pastel Lavender,S12/R12,137,98,173,144,102,178,137,97,173,130,95,169,137,98,171,408,53.33,,Artkal,<Color name='S12/R12 - Pastel Lavender' red='137' green='98' blue='173' type='Artkal' owned='0' used='0' enabled='false'/>,8962AD
Black,S13/R13,31,31,33,30,28,27,33,33,34,30,31,34,31,32,35,95,12.42,,Artkal,<Color name='S13/R13 - Black' red='31' green='31' blue='33' type='Artkal' owned='0' used='0' enabled='false'/>,1F1F21
Sandstorm,S14/R14,239,221,6,243,223,14,243,223,5,236,220,4,235,218,1,466,60.92,,Artkal,<Color name='S14/R14 - Sandstorm' red='239' green='221' blue='6' type='Artkal' owned='0' used='0' enabled='false'/>,EFDD06
Redwood,S15/R15,124,69,69,128,73,73,126,72,70,121,66,67,122,66,66,262,34.25,,Artkal,<Color name='S15/R15 - Redwood' red='124' green='69' blue='69' type='Artkal' owned='0' used='0' enabled='false'/>,7C4545
Brown,S16/R16,120,88,78,117,83,74,126,94,83,120,88,77,118,88,78,286,37.39,,Artkal,<Color name='S16/R16 - Brown' red='120' green='88' blue='78' type='Artkal' owned='0' used='0' enabled='false'/>,78584E
light brown,S17/R17,89,71,67,88,70,66,90,71,67,89,71,67,89,71,67,227,29.67,,Artkal,<Color name='S17/R17 - light brown' red='89' green='71' blue='67' type='Artkal' owned='0' used='0' enabled='false'/>,594743
Sand,S18/R18,206,155,134,210,159,136,206,155,134,203,152,133,205,154,133,495,64.71,,Artkal,<Color name='S18/R18 - Sand' red='206' green='155' blue='134' type='Artkal' owned='0' used='0' enabled='false'/>,CE9B86
Bubblegum,S19/R19,237,174,172,230,172,170,240,176,176,241,176,174,235,171,169,583,76.21,,Artkal,<Color name='S19/R19 - Bubblegum' red='237' green='174' blue='172' type='Artkal' owned='0' used='0' enabled='false'/>,EDAEAC
Green,S20/R20,84,145,96,85,149,97,85,144,96,82,144,97,82,144,95,325,42.48,,Artkal,<Color name='S20/R20 - Green' red='84' green='145' blue='96' type='Artkal' owned='0' used='0' enabled='false'/>,549160
Pastel Green,S21/R21,132,197,81,139,203,78,126,193,79,132,195,80,131,197,87,410,53.59,,Artkal,<Color name='S21/R21 - Pastel Green' red='132' green='197' blue='81' type='Artkal' owned='1000' used='0' enabled='true'/>,84C551
Purple,S22/R22,85,72,137,87,75,139,84,70,134,83,71,135,85,73,138,294,38.43,,Artkal,<Color name='S22/R22 - Purple' red='85' green='72' blue='137' type='Artkal' owned='0' used='0' enabled='false'/>,554889
Royal Purple,S23/R23,125,102,173,126,103,174,125,101,174,125,102,174,124,101,171,400,52.29,,Artkal,<Color name='S23/R23 - Royal Purple' red='125' green='102' blue='173' type='Artkal' owned='0' used='0' enabled='false'/>,7D66AD
True Blue,S24/R24,57,109,188,57,108,189,52,105,185,59,112,192,58,109,186,354,46.27,,Artkal,<Color name='S24/R24 - True Blue' red='57' green='109' blue='188' type='Artkal' owned='0' used='0' enabled='false'/>,396DBC
Hot Pink,S25/R25,254,91,186,254,96,189,255,90,186,254,89,185,253,88,183,531,69.41,,Artkal,<Color name='S25/R25 - Hot Pink' red='254' green='91' blue='186' type='Artkal' owned='0' used='0' enabled='false'/>,FE5BBA
Magenta,S26/R26,254,66,137,255,68,139,254,74,141,254,61,134,253,62,135,457,59.74,,Artkal,<Color name='S26/R26 - Magenta' red='254' green='66' blue='137' type='Artkal' owned='0' used='0' enabled='false'/>,FE4289
Yellow,S27/R27,240,206,1,241,205,0,240,205,1,240,205,1,240,207,1,447,58.43,,Artkal,<Color name='S27/R27 - Yellow' red='240' green='206' blue='1' type='Artkal' owned='0' used='0' enabled='false'/>,F0CE01
Lily Pink,S28/R28,223,159,205,222,158,206,228,160,207,221,158,203,221,158,205,587,76.73,,Artkal,<Color name='S28/R28 - Lily Pink' red='223' green='159' blue='205' type='Artkal' owned='0' used='0' enabled='false'/>,DF9FCD
Pastel Yellow,S29/R29,240,226,79,243,227,81,240,225,77,241,225,77,237,225,81,545,71.24,,Artkal,<Color name='S29/R29 - Pastel Yellow' red='240' green='226' blue='79' type='Artkal' owned='0' used='0' enabled='false'/>,F0E24F
Shadow Green,S30/R30,161,198,206,160,197,205,162,199,207,160,197,206,162,199,207,565,73.86,,Artkal,<Color name='S30/R30 - Shadow Green' red='161' green='198' blue='206' type='Artkal' owned='0' used='0' enabled='false'/>,A1C6CE
Sea Mist,S31/R31,171,218,202,173,218,201,175,221,205,170,219,201,167,215,201,591,77.25,,Artkal,<Color name='S31/R31 - Sea Mist' red='171' green='218' blue='202' type='Artkal' owned='0' used='0' enabled='false'/>,ABDACA
Beeswax,S32/R32,248,197,131,249,200,133,250,200,134,245,194,131,246,193,127,576,75.29,,Artkal,<Color name='S32/R32 - Beeswax' red='248' green='197' blue='131' type='Artkal' owned='0' used='0' enabled='false'/>,F8C583
Maverick,S33/R33,192,174,219,189,172,216,194,175,221,190,173,218,195,177,220,585,76.47,,Artkal,<Color name='S33/R33 - Maverick' red='192' green='174' blue='219' type='Artkal' owned='0' used='0' enabled='false'/>,C0AEDB
Mona Lisa,S35/R35,249,188,193,248,186,193,249,189,196,248,188,192,249,187,192,630,82.35,,Artkal,<Color name='S35/R35 - Mona Lisa' red='249' green='188' blue='193' type='Artkal' owned='0' used='0' enabled='false'/>,F9BCC1
Old Pink,S36/R36,200,103,130,206,105,133,194,98,125,203,103,131,198,104,130,433,56.6,,Artkal,<Color name='S36/R36 - Old Pink' red='200' green='103' blue='130' type='Artkal' owned='0' used='0' enabled='false'/>,C86782
Blue Green,S37/R37,132,199,198,135,199,199,133,199,198,127,198,197,133,198,197,529,69.15,,Artkal,<Color name='S37/R37 - Blue Green' red='132' green='199' blue='198' type='Artkal' owned='0' used='0' enabled='false'/>,84C7C6
burgundy,S38/R38,161,48,83,165,47,85,161,51,83,160,48,82,159,46,81,292,38.17,,Artkal,<Color name='S38/R38 - burgundy' red='161' green='48' blue='83' type='Artkal' owned='0' used='0' enabled='false'/>,A13053
Yellow Orange,S39/R39,255,131,75,255,131,71,255,129,73,255,132,77,253,130,78,461,60.26,,Artkal,<Color name='S39/R39 - Yellow Orange' red='255' green='131' blue='75' type='Artkal' owned='0' used='0' enabled='false'/>,FF834B
Carnation Pink,S40/R40,253,145,214,253,147,214,254,143,214,255,144,215,250,147,213,612,80,,Artkal,<Color name='S40/R40 - Carnation Pink' red='253' green='145' blue='214' type='Artkal' owned='0' used='0' enabled='false'/>,FD91D6
Copper,S41/R41,157,91,46,161,97,45,156,84,45,156,94,45,155,89,48,294,38.43,Metal,Artkal,<Color name='S41/R41 - Copper' red='157' green='91' blue='46' type='Artkal' owned='0' used='0' enabled='false'/>,9D5B2E
Silver,S42/R42,103,107,115,110,114,120,98,103,110,101,105,113,104,107,116,325,42.48,Metal,Artkal,<Color name='S42/R42 - Silver' red='103' green='107' blue='115' type='Artkal' owned='0' used='0' enabled='false'/>,676B73
Gray 3,S43/R43,102,103,106,100,101,104,100,101,105,105,106,109,103,104,107,311,40.65,,Artkal,<Color name='S43/R43 - Gray 3' red='102' green='103' blue='106' type='Artkal' owned='0' used='0' enabled='false'/>,66676A
Sky Blue,S44/R44,164,200,232,163,200,231,165,202,235,163,202,234,164,197,229,596,77.91,,Artkal,<Color name='S44/R44 - Sky Blue' red='164' green='200' blue='232' type='Artkal' owned='0' used='0' enabled='false'/>,A4C8E8
Medium Turquoise,S45/R45,63,152,158,65,154,160,62,151,157,62,151,157,62,151,157,373,48.76,,Artkal,<Color name='S45/R45 - Medium Turquoise' red='63' green='152' blue='158' type='Artkal' owned='1000' used='0' enabled='true'/>,3F989E
Bright Green,S46/R46,168,228,42,168,228,41,167,228,42,167,226,41,168,228,44,438,57.25,,Artkal,<Color name='S46/R46 - Bright Green' red='168' green='228' blue='42' type='Artkal' owned='0' used='0' enabled='false'/>,A8E42A
Marigold,S47/R47,156,116,60,157,114,60,159,116,62,154,114,61,155,119,58,332,43.4,,Artkal,<Color name='S47/R47 - Marigold' red='156' green='116' blue='60' type='Artkal' owned='0' used='0' enabled='false'/>,9C743C
Corn,S48/R48,246,191,5,246,191,0,242,193,4,246,190,13,248,191,1,442,57.78,,Artkal,<Color name='S48/R48 - Corn' red='246' green='191' blue='5' type='Artkal' owned='0' used='0' enabled='false'/>,F6BF05
Mulberry Wood,S49/R49,120,49,90,120,46,89,122,50,91,120,52,91,118,47,89,259,33.86,,Artkal,<Color name='S49/R49 - Mulberry Wood' red='120' green='49' blue='90' type='Artkal' owned='0' used='0' enabled='false'/>,78315A
Mandys Pink,S50/R50,253,164,126,253,162,130,253,163,117,253,166,133,254,164,123,543,70.98,,Artkal,<Color name='S50/R50 - Mandys Pink' red='253' green='164' blue='126' type='Artkal' owned='0' used='0' enabled='false'/>,FDA47E
Spring Sun,S51/R51,243,217,182,242,216,180,245,217,182,243,219,185,242,216,180,642,83.92,,Artkal,<Color name='S51/R51 - Spring Sun' red='243' green='217' blue='182' type='Artkal' owned='0' used='0' enabled='false'/>,F3D9B6
Picasso,S52/R52,239,229,109,240,229,113,239,228,111,238,229,107,238,228,104,577,75.42,,Artkal,<Color name='S52/R52 - Picasso' red='239' green='229' blue='109' type='Artkal' owned='0' used='0' enabled='false'/>,EFE56D
Turquoise,S53/R53,101,147,223,101,147,224,101,146,225,102,147,219,101,147,223,471,61.57,,Artkal,<Color name='S53/R53 - Turquoise' red='101' green='147' blue='223' type='Artkal' owned='0' used='0' enabled='false'/>,6593DF
Light Blue,S54/R54,26,117,208,18,120,210,29,118,201,25,115,209,30,116,210,351,45.88,,Artkal,<Color name='S54/R54 - Light Blue' red='26' green='117' blue='208' type='Artkal' owned='0' used='0' enabled='false'/>,1A75D0
Pistachio,S55/R57,160,213,137,158,214,134,161,211,136,161,213,139,161,212,138,510,66.67,,Artkal,<Color name='S55/R57 - Pistachio' red='160' green='213' blue='137' type='Artkal' owned='0' used='0' enabled='false'/>,A0D589
Outrageous Orange,S56/R59,254,127,80,255,129,74,254,127,82,254,127,83,254,124,79,461,60.26,,Artkal,<Color name='S56/R59 - Outrageous Orange' red='254' green='127' blue='80' type='Artkal' owned='0' used='0' enabled='false'/>,FE7F50
Buccaneer,S57/R63,152,78,67,150,76,68,152,77,66,154,77,67,152,81,66,297,38.82,,Artkal,<Color name='S57/R63 - Buccaneer' red='152' green='78' blue='67' type='Artkal' owned='0' used='0' enabled='false'/>,984E43
Paprika,S58/R64,172,44,68,173,44,69,171,45,67,169,44,69,173,42,68,284,37.12,,Artkal,<Color name='S58/R64 - Paprika' red='172' green='44' blue='68' type='Artkal' owned='0' used='0' enabled='false'/>,AC2C44
Lavender,S60/R66,166,117,191,166,117,188,168,118,195,163,116,187,168,115,192,474,61.96,,Artkal,<Color name='S60/R66 - Lavender' red='166' green='117' blue='191' type='Artkal' owned='0' used='0' enabled='false'/>,A675BF
Key Lemon Pie,S61/R68,187,197,40,185,196,31,187,196,44,189,199,43,186,197,41,424,55.42,,Artkal,<Color name='S61/R68 - Key Lemon Pie' red='187' green='197' blue='40' type='Artkal' owned='0' used='0' enabled='false'/>,BBC528
Green Tea,S62/R69,56,112,97,56,111,94,57,112,97,57,111,97,54,112,98,265,34.64,,Artkal,<Color name='S62/R69 - Green Tea' red='56' green='112' blue='97' type='Artkal' owned='0' used='0' enabled='false'/>,387061
Metallic Gold,S63/R70,105,96,70,101,91,66,102,94,64,117,107,77,98,92,71,271,35.42,,Artkal,<Color name='S63/R70 - Metallic Gold' red='105' green='96' blue='70' type='Artkal' owned='0' used='0' enabled='false'/>,696046
Black Rock,S64/R55,54,61,92,52,59,88,53,63,91,57,63,95,54,60,92,207,27.06,,Artkal,<Color name='S64/R55 - Black Rock' red='54' green='61' blue='92' type='Artkal' owned='0' used='0' enabled='false'/>,363D5C
Canary,S65/R58,247,248,57,244,249,50,248,247,63,248,250,57,248,247,58,552,72.16,,Artkal,<Color name='S65/R58 - Canary' red='247' green='248' blue='57' type='Artkal' owned='0' used='0' enabled='false'/>,F7F839
Blaze Orange,S66/R70,253,81,67,254,83,69,250,80,65,253,82,67,253,79,65,401,52.42,,Artkal,<Color name='S66/R70 - Blaze Orange' red='253' green='81' blue='67' type='Artkal' owned='0' used='0' enabled='false'/>,FD5143
Vanilla,S67/R61,226,193,178,225,192,177,226,193,178,226,193,178,226,193,178,597,78.04,,Artkal,<Color name='S67/R61 - Vanilla' red='226' green='193' blue='178' type='Artkal' owned='0' used='0' enabled='false'/>,E2C1B2
Tan,S68,175,150,102,175,149,101,175,150,102,175,149,102,176,151,102,427,55.82,,Artkal,<Color name='S68 - Tan' red='175' green='150' blue='102' type='Artkal' owned='0' used='0' enabled='false'/>,AF9666
Mine Shaft,S69,67,72,78,67,72,78,66,71,78,65,69,76,70,75,81,217,28.37,,Artkal,<Color name='S69 - Mine Shaft' red='67' green='72' blue='78' type='Artkal' owned='1000' used='0' enabled='true'/>,43484E
Dark Algae,S70,146,183,1,147,183,0,150,187,0,142,180,0,145,180,2,330,43.14,,Artkal,<Color name='S70 - Dark Algae' red='146' green='183' blue='1' type='Artkal' owned='' used='0' enabled=''/>,92B701
Jade Green,S71,49,131,50,64,157,59,37,116,39,44,124,48,50,126,54,230,30.07,,Artkal,<Color name='S71 - Jade Green' red='49' green='131' blue='50' type='Artkal' owned='' used='0' enabled=''/>,318332
Light Sea Blue,S72,119,191,209,114,185,202,112,183,205,120,190,209,129,204,219,519,67.84,,Artkal,<Color name='S72 - Light Sea Blue' red='119' green='191' blue='209' type='Artkal' owned='' used='0' enabled=''/>,77BFD1
Steel blue,S73,91,159,199,84,150,190,90,159,198,105,177,215,85,151,193,449,58.69,,Artkal,<Color name='S73 - Steel blue' red='91' green='159' blue='199' type='Artkal' owned='' used='0' enabled=''/>,5B9FC7
Azure,S74,64,144,192,64,145,195,73,160,210,59,143,194,60,128,169,400,52.29,,Artkal,<Color name='S74 - azure' red='64' green='144' blue='192' type='Artkal' owned='' used='0' enabled=''/>,4090C0
Dark Steel Blue,S75,56,121,166,53,120,166,50,118,162,64,125,169,57,121,165,343,44.84,,Artkal,<Color name='S75 - dark steel blue' red='56' green='121' blue='166' type='Artkal' owned='' used='0' enabled=''/>,3879A6
Sea Blue,S76,59,135,171,59,135,171,57,133,168,60,136,171,58,137,172,365,47.71,,Artkal,<Color name='S76 - sea blue' red='59' green='135' blue='171' type='Artkal' owned='' used='0' enabled=''/>,3B87AB
Ghost White,S77,211,211,208,212,212,208,210,210,208,211,210,207,210,210,209,630,82.35,,Artkal,<Color name='S77 - Ghost white' red='211' green='211' blue='208' type='Artkal' owned='' used='0' enabled=''/>,D3D3D0
Ash Gray,S78,189,189,187,189,189,186,187,188,186,189,190,186,189,190,188,565,73.86,,Artkal,<Color name='S78 - Ash Gray' red='189' green='189' blue='187' type='Artkal' owned='' used='0' enabled=''/>,BDBDBB
Gray 1,S79,163,167,169,163,167,170,162,167,169,160,164,167,166,168,168,499,65.23,,Artkal,<Color name='S79 - Gray 1' red='163' green='167' blue='169' type='Artkal' owned='' used='0' enabled=''/>,A3A7A9
Dark Olive,S80,124,137,52,124,137,47,121,134,55,123,137,56,127,140,48,313,40.92,,Artkal,<Color name='S80 - Dark Olive' red='124' green='137' blue='52' type='Artkal' owned='' used='0' enabled=''/>,7C8934
Deer,S81,184,138,98,190,140,98,181,137,97,178,134,95,185,140,102,420,54.9,,Artkal,<Color name='S81 - Deer' red='184' green='138' blue='98' type='Artkal' owned='' used='0' enabled=''/>,B88A62
Clay,S82,145,106,77,147,107,78,143,104,76,143,104,75,147,108,80,328,42.88,,Artkal,<Color name='S82 - Clay' red='145' green='106' blue='77' type='Artkal' owned='' used='0' enabled=''/>,916A4D
Sienna,S83,174,103,53,179,108,59,167,100,50,169,99,47,179,106,57,330,43.14,,Artkal,<Color name='S83 - Sienna' red='174' green='103' blue='53' type='Artkal' owned='' used='0' enabled=''/>,AE6735
Deep Chestnut,S84,165,87,97,167,91,100,160,84,94,161,84,95,170,89,99,349,45.62,,Artkal,<Color name='S84 - Deep Chestnut' red='165' green='87' blue='97' type='Artkal' owned='' used='0' enabled=''/>,A55761
Red Wine,S85,140,65,74,138,62,71,129,59,69,125,44,55,168,94,102,279,36.47,,Artkal,<Color name='S85 - Red Wine' red='140' green='65' blue='74' type='Artkal' owned='' used='0' enabled=''/>,8C414A
Goldenrod,S86,233,181,4,237,183,12,227,179,3,238,185,0,231,178,0,418,54.64,,Artkal,<Color name='S86 - Goldenrod' red='233' green='181' blue='4' type='Artkal' owned='' used='0' enabled=''/>,E9B504
Coral Red,S87,250,97,106,255,101,108,247,97,107,244,97,107,255,94,103,453,59.22,,Artkal,<Color name='S87 - Coral Red' red='250' green='97' blue='106' type='Artkal' owned='' used='0' enabled=''/>,FA616A
Dark Pink,S88,217,59,128,223,60,129,217,57,127,209,53,124,220,66,131,404,52.81,,Artkal,<Color name='S88 - Dark Pink' red='217' green='59' blue='128' type='Artkal' owned='' used='0' enabled=''/>,D93B80
Gray 4,S89,88,92,99,88,93,99,83,87,94,91,96,102,88,93,99,279,36.47,,Artkal,<Color name='S89 - Gray 4' red='88' green='92' blue='99' type='Artkal' owned='' used='0' enabled=''/>,585C63
Pastel Orange,S90,251,183,73,250,179,68,242,180,74,255,183,75,255,190,75,507,66.27,,Artkal,<Color name='S90 - Pastel Orange' red='251' green='183' blue='73' type='Artkal' owned='' used='0' enabled=''/>,FBB749
Brunswick Green,S91,52,64,66,56,67,68,52,64,65,57,68,70,44,57,59,182,23.79,,Artkal,<Color name='S91 - Brunswick Green' red='52' green='64' blue='66' type='Artkal' owned='' used='0' enabled=''/>,344042
,S92,186,158,3,181,156,3,191,160,2,188,158,5,183,157,3,347,45.35947712,,Artkal,"<Color name=""S92 - "" red=""186"" green=""158"" blue=""3"" type=""Artkal"" owned=""0"" used=""0"" enabled=""True""/>",BA9E03
,S93,214,172,149,222,175,150,220,176,153,218,174,151,194,162,142,535,69.93464052,,Artkal,"<Color name=""S93 - "" red=""214"" green=""172"" blue=""149"" type=""Artkal"" owned=""0"" used=""0"" enabled=""True""/>",D6AC95
,S94,228,136,133,226,134,132,214,129,128,224,134,131,246,147,140,497,64.96732026,,Artkal,"<Color name=""S94 - "" red=""228"" green=""136"" blue=""133"" type=""Artkal"" owned=""0"" used=""0"" enabled=""True""/>",E48885
,S95,216,108,107,221,107,105,220,110,107,208,106,105,214,109,109,431,56.33986928,,Artkal,"<Color name=""S95 - "" red=""216"" green=""108"" blue=""107"" type=""Artkal"" owned=""0"" used=""0"" enabled=""True""/>",D86C6B
,S96,,,,,,,,,,,,,,,,,0,,,,
,S97,218,104,45,222,108,52,214,103,42,212,103,44,223,103,43,367,47.97385621,,Artkal,"<Color name=""S97 - "" red=""218"" green=""104"" blue=""45"" type=""Artkal"" owned=""0"" used=""0"" enabled=""True""/>",DA682D
,S98,128,176,234,128,178,234,132,179,236,124,173,231,126,175,233,538,70.32679739,,Artkal,"<Color name=""S98 - "" red=""128"" green=""176"" blue=""234"" type=""Artkal"" owned=""0"" used=""0"" enabled=""True""/>",80B0EA
,S99,122,186,217,124,190,218,119,184,217,120,184,215,123,185,217,525,68.62745098,,Artkal,"<Color name=""S99 - "" red=""122"" green=""186"" blue=""217"" type=""Artkal"" owned=""0"" used=""0"" enabled=""True""/>",7ABAD9
,S100,106,165,187,106,165,187,108,165,187,105,165,187,104,163,186,458,59.86928105,,Artkal,"<Color name=""S100 - "" red=""106"" green=""165"" blue=""187"" type=""Artkal"" owned=""0"" used=""0"" enabled=""True""/>",6AA5BB
,S101,,,,,,,,,,,,,,,,,0,,,,
,S102,21,110,204,20,109,205,30,112,208,14,108,200,19,109,201,335,43.79084967,,Artkal,"<Color name=""S102 - "" red=""21"" green=""110"" blue=""204"" type=""Artkal"" owned=""0"" used=""0"" enabled=""True""/>",156ECC
,S103,26,84,169,25,84,168,19,82,168,26,84,168,32,86,172,279,36.47058824,,Artkal,"<Color name=""S103 - "" red=""26"" green=""84"" blue=""169"" type=""Artkal"" owned=""0"" used=""0"" enabled=""True""/>",1A54A9
,S104,43,118,163,47,121,165,43,117,162,40,116,160,41,117,163,324,42.35294118,,Artkal,"<Color name=""S104 - "" red=""43"" green=""118"" blue=""163"" type=""Artkal"" owned=""0"" used=""0"" enabled=""True""/>",2B76A3
,S105,44,113,149,46,114,150,46,114,150,41,111,148,44,112,148,306,40,,Artkal,"<Color name=""S105 - "" red=""44"" green=""113"" blue=""149"" type=""Artkal"" owned=""0"" used=""0"" enabled=""True""/>",2C7195
,S106,28,93,155,26,91,153,32,94,156,32,94,157,23,91,154,276,36.07843137,,Artkal,"<Color name=""S106 - "" red=""28"" green=""93"" blue=""155"" type=""Artkal"" owned=""0"" used=""0"" enabled=""True""/>",1C5D9B
,S107,68,160,235,71,161,236,67,161,237,62,157,232,70,161,235,463,60.52287582,,Artkal,"<Color name=""S107 - "" red=""68"" green=""160"" blue=""235"" type=""Artkal"" owned=""0"" used=""0"" enabled=""True""/>",44A0EB
,S108,193,176,119,193,177,118,195,177,120,191,175,118,191,175,118,488,63.79084967,,Artkal,"<Color name=""S108 - "" red=""193"" green=""176"" blue=""119"" type=""Artkal"" owned=""0"" used=""0"" enabled=""True""/>",C1B077
,S109,184,168,105,183,168,107,179,165,104,183,166,102,192,172,108,457,59.73856209,,Artkal,"<Color name=""S109 - "" red=""184"" green=""168"" blue=""105"" type=""Artkal"" owned=""0"" used=""0"" enabled=""True""/>",B8A869
,S110,155,138,84,163,140,84,158,141,83,152,136,80,148,133,88,377,49.28104575,,Artkal,"<Color name=""S110 - "" red=""155"" green=""138"" blue=""84"" type=""Artkal"" owned=""0"" used=""0"" enabled=""True""/>",9B8A54
,S111,139,130,48,140,131,51,139,129,48,137,129,48,139,129,44,317,41.4379085,,Artkal,"<Color name=""S111 - "" red=""139"" green=""130"" blue=""48"" type=""Artkal"" owned=""0"" used=""0"" enabled=""True""/>",8B8230
,S112,127,111,56,125,109,57,125,109,59,133,117,59,123,109,49,294,38.43137255,,Artkal,"<Color name=""S112 - "" red=""127"" green=""111"" blue=""56"" type=""Artkal"" owned=""0"" used=""0"" enabled=""True""/>",7F6F38
,S113,174,168,135,174,169,136,173,168,134,173,168,135,174,168,134,477,62.35294118,,Artkal,"<Color name=""S113 - "" red=""174"" green=""168"" blue=""135"" type=""Artkal"" owned=""0"" used=""0"" enabled=""True""/>",AEA887
,S114,162,154,103,162,154,104,158,152,102,158,152,102,168,157,102,419,54.77124183,,Artkal,"<Color name=""S114 - "" red=""162"" green=""154"" blue=""103"" type=""Artkal"" owned=""0"" used=""0"" enabled=""True""/>",A29A67
,S115,128,126,86,128,127,88,125,124,84,130,127,85,129,127,86,340,44.44444444,,Artkal,"<Color name=""S115 - "" red=""128"" green=""126"" blue=""86"" type=""Artkal"" owned=""0"" used=""0"" enabled=""True""/>",807E56
,S116,,,,,,,,,,,,,,,,,0,,,,
,S117,118,119,78,122,122,81,119,119,77,118,119,78,113,114,76,315,41.17647059,,Artkal,"<Color name=""S117 - "" red=""118"" green=""119"" blue=""78"" type=""Artkal"" owned=""0"" used=""0"" enabled=""True""/>",76774E
,S118,85,101,53,87,103,55,86,101,54,82,98,50,84,101,53,239,31.24183007,,Artkal,"<Color name=""S118 - "" red=""85"" green=""101"" blue=""53"" type=""Artkal"" owned=""0"" used=""0"" enabled=""True""/>",556535
,S119,152,216,212,153,218,214,151,215,212,149,212,207,153,218,213,580,75.81699346,,Artkal,"<Color name=""S119 - "" red=""152"" green=""216"" blue=""212"" type=""Artkal"" owned=""0"" used=""0"" enabled=""True""/>",98D8D4
,S120,,,,,,,,,,,,,,,,,0,,,,
,S121,142,182,161,143,183,162,141,181,161,143,183,162,140,181,160,485,63.39869281,,Artkal,"<Color name=""S121 - "" red=""142"" green=""182"" blue=""161"" type=""Artkal"" owned=""0"" used=""0"" enabled=""True""/>",8EB6A1
,S122,83,180,111,86,185,112,84,179,112,82,175,111,80,179,109,374,48.88888889,,Artkal,"<Color name=""S122 - "" red=""83"" green=""180"" blue=""111"" type=""Artkal"" owned=""0"" used=""0"" enabled=""True""/>",53B46F
,S123,83,191,0,87,196,0,79,186,0,82,189,0,82,192,0,274,35.81699346,,Artkal,"<Color name=""S123 - "" red=""83"" green=""191"" blue=""0"" type=""Artkal"" owned=""0"" used=""0"" enabled=""True""/>",53BF00
,S124,47,108,51,46,106,50,45,106,49,50,109,53,48,112,51,206,26.92810458,,Artkal,"<Color name=""S124 - "" red=""47"" green=""108"" blue=""51"" type=""Artkal"" owned=""0"" used=""0"" enabled=""True""/>",2F6C33
,S125,50,111,110,51,112,111,53,114,113,48,110,109,48,107,107,271,35.4248366,,Artkal,"<Color name=""S125 - "" red=""50"" green=""111"" blue=""110"" type=""Artkal"" owned=""0"" used=""0"" enabled=""True""/>",326F6E
,S126,32,93,109,36,97,111,23,90,107,36,91,107,33,94,110,234,30.58823529,,Artkal,"<Color name=""S126 - "" red=""32"" green=""93"" blue=""109"" type=""Artkal"" owned=""0"" used=""0"" enabled=""True""/>",205D6D
,S127,254,194,244,254,195,246,254,197,245,254,195,247,252,190,239,692,90.45751634,,Artkal,"<Color name=""S127 - "" red=""254"" green=""194"" blue=""244"" type=""Artkal"" owned=""0"" used=""0"" enabled=""True""/>",FEC2F4
,S128,225,132,218,226,130,217,221,132,218,227,135,220,226,130,218,575,75.16339869,,Artkal,"<Color name=""S128 - "" red=""225"" green=""132"" blue=""218"" type=""Artkal"" owned=""0"" used=""0"" enabled=""True""/>",E184DA
,S129,251,161,194,255,162,196,251,163,196,254,160,195,242,157,190,606,79.21568627,,Artkal,"<Color name=""S129 - "" red=""251"" green=""161"" blue=""194"" type=""Artkal"" owned=""0"" used=""0"" enabled=""True""/>",FBA1C2
,S130,237,102,149,245,104,150,237,101,148,234,101,148,230,103,149,488,63.79084967,,Artkal,"<Color name=""S130 - "" red=""237"" green=""102"" blue=""149"" type=""Artkal"" owned=""0"" used=""0"" enabled=""True""/>",ED6695
,S131,184,158,220,180,157,220,184,160,224,193,161,225,179,153,209,562,73.46405229,,Artkal,"<Color name=""S131 - "" red=""184"" green=""158"" blue=""220"" type=""Artkal"" owned=""0"" used=""0"" enabled=""True""/>",B89EDC
,S132,234,54,106,228,54,105,214,56,106,241,50,105,253,57,108,394,51.50326797,,Artkal,"<Color name=""S132 - "" red=""234"" green=""54"" blue=""106"" type=""Artkal"" owned=""0"" used=""0"" enabled=""True""/>",EA366A
,S133,221,55,175,212,52,171,228,61,179,216,52,172,228,55,178,451,58.95424837,,Artkal,"<Color name=""S133 - "" red=""221"" green=""55"" blue=""175"" type=""Artkal"" owned=""0"" used=""0"" enabled=""True""/>",DD37AF
,S134,132,57,155,133,56,154,133,61,155,129,55,152,134,57,157,344,44.96732026,,Artkal,"<Color name=""S134 - "" red=""132"" green=""57"" blue=""155"" type=""Artkal"" owned=""0"" used=""0"" enabled=""True""/>",84399B
,S135,175,183,237,176,183,235,171,182,237,171,182,237,180,185,238,595,77.77777778,,Artkal,"<Color name=""S135 - "" red=""175"" green=""183"" blue=""237"" type=""Artkal"" owned=""0"" used=""0"" enabled=""True""/>",AFB7ED
,S136,174,178,231,172,176,228,170,174,226,177,180,235,176,180,235,583,76.20915033,,Artkal,"<Color name=""S136 - "" red=""174"" green=""178"" blue=""231"" type=""Artkal"" owned=""0"" used=""0"" enabled=""True""/>",AEB2E7
,S137,136,148,227,147,154,232,135,148,228,134,148,227,127,141,219,511,66.79738562,,Artkal,"<Color name=""S137 - "" red=""136"" green=""148"" blue=""227"" type=""Artkal"" owned=""0"" used=""0"" enabled=""True""/>",8894E3
,S138,96,126,208,95,124,208,94,124,205,100,128,212,96,126,208,430,56.20915033,,Artkal,"<Color name=""S138 - "" red=""96"" green=""126"" blue=""208"" type=""Artkal"" owned=""0"" used=""0"" enabled=""True""/>",607ED0
,S139,111,131,211,113,132,211,113,132,213,111,133,213,107,128,207,453,59.21568627,,Artkal,"<Color name=""S139 - "" red=""111"" green=""131"" blue=""211"" type=""Artkal"" owned=""0"" used=""0"" enabled=""True""/>",6F83D3
,S140,94,111,200,91,109,198,91,109,197,94,113,201,98,114,202,405,52.94117647,,Artkal,"<Color name=""S140 - "" red=""94"" green=""111"" blue=""200"" type=""Artkal"" owned=""0"" used=""0"" enabled=""True""/>",5E6FC8
,S141,87,113,201,87,113,202,86,111,197,86,111,201,89,115,203,401,52.41830065,,Artkal,"<Color name=""S141 - "" red=""87"" green=""113"" blue=""201"" type=""Artkal"" owned=""0"" used=""0"" enabled=""True""/>",5771C9
,S142,70,98,191,71,100,189,69,97,190,69,97,190,71,99,193,359,46.92810458,,Artkal,"<Color name=""S142 - "" red=""70"" green=""98"" blue=""191"" type=""Artkal"" owned=""0"" used=""0"" enabled=""True""/>",4662BF
,S143,55,71,158,57,73,161,59,74,161,49,66,151,55,71,157,284,37.12418301,,Artkal,"<Color name=""S143 - "" red=""55"" green=""71"" blue=""158"" type=""Artkal"" owned=""0"" used=""0"" enabled=""True""/>",37479E
,S144,39,61,127,41,62,127,35,57,125,38,61,130,43,63,127,227,29.67320261,,Artkal,"<Color name=""S144 - "" red=""39"" green=""61"" blue=""127"" type=""Artkal"" owned=""0"" used=""0"" enabled=""True""/>",273D7F
,S145,,,,,,,,,,,,,,,,,0,,Artkal,,
,S146,134,30,58,133,30,57,131,26,57,134,33,59,137,32,59,222,29.01960784,,Artkal,"<Color name=""S146 - "" red=""134"" green=""30"" blue=""58"" type=""Artkal"" owned=""0"" used=""0"" enabled=""True""/>",861E3A
,S147,132,178,161,134,179,162,131,176,159,129,175,159,135,181,163,471,61.56862745,,Artkal,"<Color name=""S147 - "" red=""132"" green=""178"" blue=""161"" type=""Artkal"" owned=""0"" used=""0"" enabled=""True""/>",84B2A1
,S148,108,81,74,109,81,74,110,82,76,106,79,72,108,80,74,263,34.37908497,,Artkal,"<Color name=""S148 - "" red=""108"" green=""81"" blue=""74"" type=""Artkal"" owned=""0"" used=""0"" enabled=""True""/>",6C514A
,S149,251,214,155,249,215,149,254,215,157,249,213,156,250,214,159,620,81.04575163,,Artkal,"<Color name=""S149 - "" red=""251"" green=""214"" blue=""155"" type=""Artkal"" owned=""0"" used=""0"" enabled=""True""/>",FBD69B
,S150,138,132,208,139,134,210,138,132,209,137,132,208,136,130,204,478,62.48366013,,Artkal,"<Color name=""S150 - "" red=""138"" green=""132"" blue=""208"" type=""Artkal"" owned=""0"" used=""0"" enabled=""True""/>",8A84D0
,S151,61,77,47,60,77,46,60,77,48,60,76,45,62,79,48,185,24.18300654,,Artkal,"<Color name=""S151 - "" red=""61"" green=""77"" blue=""47"" type=""Artkal"" owned=""0"" used=""0"" enabled=""True""/>",3D4D2F
,S152,191,163,227,188,162,227,191,162,227,187,163,226,198,166,228,581,75.94771242,,Artkal,"<Color name=""S152 - "" red=""191"" green=""163"" blue=""227"" type=""Artkal"" owned=""0"" used=""0"" enabled=""True""/>",BFA3E3
,S153,190,179,222,195,183,228,197,183,228,189,178,221,180,171,209,591,77.25490196,,Artkal,"<Color name=""S153 - "" red=""190"" green=""179"" blue=""222"" type=""Artkal"" owned=""0"" used=""0"" enabled=""True""/>",BEB3DE
,S154,229,181,157,231,181,158,229,180,157,235,183,159,222,179,155,567,74.11764706,,Artkal,"<Color name=""S154 - "" red=""229"" green=""181"" blue=""157"" type=""Artkal"" owned=""0"" used=""0"" enabled=""True""/>",E5B59D
,S155,179,128,92,180,129,92,176,126,90,179,127,91,181,130,95,399,52.15686275,,Artkal,"<Color name=""S155 - "" red=""179"" green=""128"" blue=""92"" type=""Artkal"" owned=""0"" used=""0"" enabled=""True""/>",B3805C
,S156,89,93,98,91,94,100,90,94,100,89,93,98,85,89,95,280,36.60130719,,Artkal,"<Color name=""S156 - "" red=""89"" green=""93"" blue=""98"" type=""Artkal"" owned=""0"" used=""0"" enabled=""True""/>",595D62
,S157,75,79,85,75,79,86,73,77,84,77,81,87,75,78,84,239,31.24183007,,Artkal,"<Color name=""S157 - "" red=""75"" green=""79"" blue=""85"" type=""Artkal"" owned=""0"" used=""0"" enabled=""True""/>",4B4F55
,S158,60,63,70,63,65,71,59,62,69,61,64,70,58,61,68,193,25.22875817,,Artkal,"<Color name=""S158 - "" red=""60"" green=""63"" blue=""70"" type=""Artkal"" owned=""0"" used=""0"" enabled=""True""/>",3C3F46
,S159,130,134,139,131,135,140,131,135,140,128,132,138,128,133,138,403,52.67973856,,Artkal,"<Color name=""S159 - "" red=""130"" green=""134"" blue=""139"" type=""Artkal"" owned=""0"" used=""0"" enabled=""True""/>",82868B
Glow Yellow,SG1/RG1,198,192,180,200,196,184,204,198,184,195,187,176,194,187,176,570,74.50980392,Glow,Artkal,"<Color name=""S145 - x"" red=""0"" green=""0"" blue=""0"" type=""Artkal"" owned=""0"" used=""0"" enabled=""True""/>",C6C0B4
Glow Pink,SG2/RG2,223,171,188,221,177,190,223,170,188,224,168,186,224,170,188,582,76.07843137,Glow,Artkal,"<Color name=""S145 - x"" red=""0"" green=""0"" blue=""0"" type=""Artkal"" owned=""0"" used=""0"" enabled=""True""/>",DFABBC
Glow Blue,SG3/RG3,111,173,193,106,171,192,103,171,194,111,172,192,122,178,195,477,62.35294118,Glow,Artkal,"<Color name=""S145 - x"" red=""0"" green=""0"" blue=""0"" type=""Artkal"" owned=""0"" used=""0"" enabled=""True""/>",6FADC1
Glitter Blue,SL1/RL1,54,135,178,57,137,178,47,133,180,56,133,177,57,137,178,367,47.97,Glitter,Artkal,"<Color name=""S145 - x"" red=""0"" green=""0"" blue=""0"" type=""Artkal"" owned=""0"" used=""0"" enabled=""True""/>",3687B2
Glitter Green,SL2/RL2,17,124,82,21,124,84,17,125,83,22,123,81,9,124,79,223,29.15,Glitter,Artkal,"<Color name=""S145 - x"" red=""0"" green=""0"" blue=""0"" type=""Artkal"" owned=""0"" used=""0"" enabled=""True""/>",117C52
Glitter Red,SL3/RL3,194,41,51,194,34,45,197,45,55,193,43,54,190,41,51,286,37.39,Glitter,Artkal,"<Color name=""S145 - x"" red=""0"" green=""0"" blue=""0"" type=""Artkal"" owned=""0"" used=""0"" enabled=""True""/>",C22933
Glitter Yellow,SL4/RL4,205,189,0,203,188,0,206,190,0,206,191,0,206,187,0,394,51.5,Glitter,Artkal,"<Color name=""S145 - x"" red=""0"" green=""0"" blue=""0"" type=""Artkal"" owned=""0"" used=""0"" enabled=""True""/>",CDBD00
Neon Orange,SN1,255,116,5,254,122,1,255,118,4,255,111,2,255,114,11,376,49.15,,Artkal,"<Color name=""S145 - x"" red=""0"" green=""0"" blue=""0"" type=""Artkal"" owned=""0"" used=""0"" enabled=""True""/>",FF7405
Neon Green,SN2,1,198,62,0,207,57,4,199,64,1,191,62,0,196,64,261,34.12,,Artkal,<Color name='SN2 - Neon Green' red='1' green='198' blue='62' type='Artkal' owned='0' used='0' enabled='false'/>,01C63E
Neon Yellow,SN3,242,243,60,242,243,64,241,243,57,242,243,52,242,243,67,545,71.24,,Artkal,<Color name='SN3 - Neon Yellow' red='242' green='243' blue='60' type='Artkal' owned='0' used='0' enabled='false'/>,F2F33C
Neon Rose,SN4,255,71,122,255,71,122,255,73,121,255,72,122,255,69,121,448,58.56,,Artkal,<Color name='SN4 - Neon Rose' red='255' green='71' blue='122' type='Artkal' owned='0' used='0' enabled='false'/>,FF477A
Pearlescent Green,SP1/RP1,147,202,135,148,202,135,154,206,141,141,200,132,143,200,133,484,63.27,Pearl,Artkal,<Color name='SP1/RP1 - Pearlescent Green' red='147' green='202' blue='135' type='Artkal' owned='0' used='0' enabled='false'/>,93CA87
Pearlescent Tangerine,SP2/RP2,254,127,84,254,132,89,254,128,86,254,126,82,255,122,78,465,60.78,Pearl,Artkal,<Color name='SP2/RP2 - Pearlescent Tangerine' red='254' green='127' blue='84' type='Artkal' owned='0' used='0' enabled='false'/>,FE7F54
Pearlescent Orange,SP3/RP3,240,161,73,245,166,76,241,160,74,239,154,60,233,162,82,474,61.96,Pearl,Artkal,<Color name='SP3/RP3 - Pearlescent Orange' red='240' green='161' blue='73' type='Artkal' owned='0' used='0' enabled='false'/>,F0A149
Pearlescent Pink,SP4/RP4,220,158,169,217,160,169,218,155,165,220,156,167,224,161,173,547,71.5,Pearl,Artkal,<Color name='SP4/RP4 - Pearlescent Pink' red='220' green='158' blue='169' type='Artkal' owned='0' used='0' enabled='false'/>,DC9EA9
Pearlescent Red,SP5/RP5,214,60,83,207,54,75,213,51,73,218,71,93,219,65,89,357,46.67,Pearl,Artkal,<Color name='SP5/RP5 - Pearlescent Red' red='214' green='60' blue='83' type='Artkal' owned='0' used='0' enabled='false'/>,D63C53
Pearlescent Blue,SP6/RP6,44,78,151,2,82,158,54,73,146,62,80,151,56,75,147,273,35.69,Pearl,Artkal,<Color name='SP6/RP6 - Pearlescent Blue' red='44' green='78' blue='151' type='Artkal' owned='0' used='0' enabled='false'/>,2C4E97
Pearlescent Purple,SP7/RP7,100,66,126,100,66,126,100,68,127,99,65,125,101,65,127,292,38.17,Pearl,Artkal,<Color name='SP7/RP7 - Pearlescent Purple' red='100' green='66' blue='126' type='Artkal' owned='0' used='0' enabled='false'/>,64427E
Pearlescent White,SP8,224,219,202,225,221,208,223,219,203,222,215,196,226,221,202,645,84.31,Pearl,Artkal,<Color name='SP8 - Pearlescent White' red='224' green='219' blue='202' type='Artkal' owned='0' used='0' enabled='false'/>,E0DBCA
Transparent,ST1/RT1,199,188,184,198,188,186,199,189,187,198,187,181,199,188,183,571,74.64,Transp,Artkal,<Color name='ST1/RT1 - Transparent' red='199' green='188' blue='184' type='Artkal' owned='0' used='0' enabled='false'/>,C7BCB8
Transparent Pink,ST2/RT2,249,84,152,253,89,157,249,84,152,252,80,151,241,83,149,485,63.4,Transp,Artkal,<Color name='ST2/RT2 - Transparent Pink' red='249' green='84' blue='152' type='Artkal' owned='0' used='0' enabled='false'/>,F95498
Transparent Tangering,ST3/RT3,255,124,69,255,127,77,255,124,67,255,126,69,255,120,61,448,58.56,Transp,Artkal,<Color name='ST3/RT3 - Transparent Tangering' red='255' green='124' blue='69' type='Artkal' owned='0' used='0' enabled='false'/>,FF7C45
Transparent Yellow,ST4/RT4,218,223,61,217,224,51,220,226,47,216,219,62,217,224,83,502,65.62,Transp,Artkal,<Color name='ST4/RT4 - Transparent Yellow' red='218' green='223' blue='61' type='Artkal' owned='0' used='0' enabled='false'/>,DADF3D
transparent green,ST5,15,174,88,34,177,95,17,172,88,4,169,83,6,177,86,277,36.21,Transp,Artkal,<Color name='ST5 - transparent green' red='15' green='174' blue='88' type='Artkal' owned='' used='0' enabled=''/>,0FAE58
Transparent Purple,ST6,132,119,179,124,110,181,125,111,176,142,130,177,138,124,182,430,56.21,Transp,Artkal,<Color name='ST6 - Transparent Purple' red='132' green='119' blue='179' type='Artkal' owned='' used='0' enabled=''/>,8477B3
Red,uS34,#####,#DIV/0!,#DIV/0!,,,,,,,,,,,,,#DIV/0!,#DIV/0!,,,#DIV/0!,
Butterfly Bush,uS59,#####,#DIV/0!,#DIV/0!,,,,,,,,,,,,,#DIV/0!,#DIV/0!,,Artkal,#DIV/0!,
Glitter Purple,uSL5,#####,#DIV/0!,#DIV/0!,,,,,,,,,,,,,#DIV/0!,#DIV/0!,,Artkal,#DIV/0!,
Glitter Transparent,uSL6,#####,#DIV/0!,#DIV/0!,,,,,,,,,,,,,#DIV/0!,#DIV/0!,,Artkal,#DIV/0!,
Translucent yellow (x),xH14,#####,#DIV/0!,#DIV/0!,,,,,,,,,,,,,#DIV/0!,#DIV/0!,Transp,Hama,#DIV/0!,
Translucent blue (x),xH15,#####,#DIV/0!,#DIV/0!,,,,,,,,,,,,,#DIV/0!,#DIV/0!,Transp,Hama,#DIV/0!,
Translucent black (x),xH23,#####,#DIV/0!,#DIV/0!,,,,,,,,,,,,,#DIV/0!,#DIV/0!,Transp,Hama,#DIV/0!,
,xR56 - DISCONTINUED,112,215,125,115,213,125,113,215,125,111,216,125,109,217,124,452,59.08,,Artkal,<Color name='xR56 - DISCONTINUED - ' red='112' green='215' blue='125' type='Artkal' owned='0' used='0' enabled='false'/>,70D77D
,xR62 - DISCONTINUED,121,55,68,120,55,67,122,57,69,121,54,69,122,54,67,244,31.9,,Artkal,<Color name='xR62 - DISCONTINUED - ' red='121' green='55' blue='68' type='Artkal' owned='0' used='0' enabled='false'/>,793744
,xR65 - DISCONTINUED,207,40,60,211,40,61,210,41,59,207,41,58,200,38,60,307,40.13,,Artkal,<Color name='xR65 - DISCONTINUED - ' red='207' green='40' blue='60' type='Artkal' owned='0' used='0' enabled='false'/>,CF283C
,xR67 - DISCONTINUED,253,204,70,251,204,76,254,204,66,252,205,64,253,203,74,527,68.89,,Artkal,<Color name='xR67 - DISCONTINUED - ' red='253' green='204' blue='70' type='Artkal' owned='0' used='0' enabled='false'/>,FDCC46